ID,Title,CompanyName,CompanyLocation
https://kr.indeed.com/viewjob?jk=6dd48f3771d01215,"Student Researcher Intern, 2022",Google,서울
https://kr.indeed.com/viewjob?jk=5c456de872b81d82,"Software Engineering Intern, 2022",Google,대한민국
https://kr.indeed.com/viewjob?jk=0106a964f3557fdb,2022년 3월 R&D(학사) 신입사원 수시,LG에너지솔루션,대전 유성구
https://kr.indeed.com/viewjob?jk=84329a66291839cd,각 부문별,컬리,서울 강남구
https://kr.indeed.com/viewjob?jk=fec9640f7da57a12,[ 부산 IT 취업 교육 ] 핀테크 기반 e-커머스 개발자 A,아이티윌 부산교육센터,부산 부산진구
https://kr.indeed.com/viewjob?jk=0676d11468b8efeb,2022년 충남대학교 소프트웨어연구소 AI 인공지능 교육생,충남대학교산학협력단,대전 유성구
https://kr.indeed.com/viewjob?jk=21539e28c5f2b445,2022년도 상반기 직원,더케이교직원나라,서울 종로구
https://kr.indeed.com/viewjob?jk=03d4455768432ff5,"Back-End Software Engineer, TensorFlow Extended",Google,서울
https://kr.indeed.com/viewjob?jk=67c19d7ac0857ecd,빅데이터 분야,LG유플러스,서울
https://kr.indeed.com/viewjob?jk=600aa8698e1786c4,(주)KB저축은행 상반기 신입 및 경력직,KB저축은행,서울 송파구
https://kr.indeed.com/viewjob?jk=aade49a93e474ed7,UX Researcher (정량/포트폴리오 없는 전형),비바리퍼블리카,서울 강남구
https://kr.indeed.com/viewjob?jk=6fe75f3df3fd89bd,"부산대학교 지질재해·산업자원연구소 연구원, 기술원",부산대학교의학전문대학원,부산 서구
https://kr.indeed.com/viewjob?jk=115dad65945ac1a3,Metaverse 서비스 Graphics 개발자,에스케이텔레콤,서울 중구
https://kr.indeed.com/viewjob?jk=a496eb791c052ca8,연구 개발 프로그래머 (키메이커팀),데브캣,서울 강남구
https://kr.indeed.com/viewjob?jk=d1cb47b2f815b5d7,[KSTEC] 통계/Analytics 신입 및 경력사원,지식시스템,성남 분당구
https://kr.indeed.com/viewjob?jk=556725095040cbba,웹개발 신입 정규직,플레이쓰리에스,성남 분당구
https://kr.indeed.com/viewjob?jk=33b9259fb2f35050,UX Researcher - NPE Korea,Facebook App,서울
https://kr.indeed.com/viewjob?jk=78e99625e5de3c95,전문연구요원 (병역특례) 수시 (AI / HW 분야),딥엑스,성남 분당구
https://kr.indeed.com/viewjob?jk=46253fd5b203d931,"[로봇개발본부(판교근무)] 각 분야별 (백엔드, WEB APP 개발, APP 개발)",트위니,성남 분당구
https://kr.indeed.com/viewjob?jk=5ea9ea023c6ccc03,"S/W 엔지니어, 데이터분석 신입/경력 정규직, 인턴",가치랩스,성남 분당구
https://kr.indeed.com/viewjob?jk=d5f1c7b38db1de06,[선행기술원] AI 모델 신뢰성 개발,현대자동차,성남 분당구
https://kr.indeed.com/viewjob?jk=5cedac1c6554a153,[ 부산 IT 취업 교육 ] 클라우드 기반 파이썬 네트워크 정보시스템 과정,아이티윌 부산교육센터,부산 부산진구
https://kr.indeed.com/viewjob?jk=cc7b52117054782e,웹보드(고스톱/포커)게임FDS 데이터 분석 전문가 (신입),네오위즈,대한민국
https://kr.indeed.com/viewjob?jk=4a3c096c3da9117c,Datacenter Engineer (chuncheon),Oracle,서울
https://kr.indeed.com/viewjob?jk=40e051378f3d119f,2022년 3월 경력사원 (공술),LG에너지솔루션,청주 오창읍
https://kr.indeed.com/viewjob?jk=019b28cc5f5e508c,2022 R&D 신입사원,LG디스플레이,경기도 파주
https://kr.indeed.com/viewjob?jk=cf2f92765ca8a147,[어니컴(주)] 데이터 분석가 신입/경력,어니컴,서울 용산구
https://kr.indeed.com/viewjob?jk=358f413532f53323,[국비무료]2022년도 상반기 교육 훈련생,동대문여성인력개발센터,서울 동대문구
https://kr.indeed.com/viewjob?jk=1d10e47b8fc35819,Student Training in Engineering Program 2022,구글코리아,서울 강남구
https://kr.indeed.com/viewjob?jk=abdc136f65ceddd4,AI 분야,LG유플러스,서울
https://kr.indeed.com/viewjob?jk=7108966914d464f9,Data Analyst,컬리,서울 강남구
https://kr.indeed.com/viewjob?jk=ae82262549135b20,"Student Researcher Intern, 2022",구글코리아,서울 강남구
https://kr.indeed.com/viewjob?jk=25c28b09ebe4ed0f,11번가 클라우드 엔지니어,십일번가,서울 중구
https://kr.indeed.com/viewjob?jk=5ab0b45dfa93411b,Data Engineer 신입사원,플리토,서울 강남구
https://kr.indeed.com/viewjob?jk=a7bceae6e801c9ce,"[대기업] 딥러닝 (AI, 영상인식) 전문가 (석박사급)",비에이블컨설팅그룹,서울
https://kr.indeed.com/viewjob?jk=e29bd57c416ee579,인재 Pool 등록,S&I Corp.,대한민국
https://kr.indeed.com/viewjob?jk=016de9bb83a8032d,JR0186078 AI Research Engineer Intern,인텔코리아,서울
https://kr.indeed.com/viewjob?jk=53123195365ac509,Validation Manager (CSS 모형),비바리퍼블리카,서울 강남구
https://kr.indeed.com/viewjob?jk=4950f04cea0171c7,[빅데이터플랫폼] 데이터 엔지니어,한국카카오은행,성남 분당구
https://kr.indeed.com/viewjob?jk=747393ca945eeba5,[KREAM] Server 개발자,크림,성남 분당구
https://kr.indeed.com/viewjob?jk=40aa139111032529,Associate Software Engineer (Connected Cabin),BOEING,서울
https://kr.indeed.com/viewjob?jk=40de6a4b81f8724f,[전문연구요원 신규편입/전직] 의료영상/음성인식/생체신호 연구원,뷰노코리아,서울 서초구
https://kr.indeed.com/viewjob?jk=c528ecee05158784,2022년 DGB금융지주 각 부문 전문직 (~3/24),DGB금융지주,대구
https://kr.indeed.com/viewjob?jk=23c6fc391cb50def,Data Engineer (Analytics),비바리퍼블리카,서울 강남구
https://kr.indeed.com/viewjob?jk=9cfce6a40920af43,Data Engineer (Analytics Product),비바리퍼블리카,서울 강남구
https://kr.indeed.com/viewjob?jk=e9488a828bb2c806,Data Engineer,비바리퍼블리카,서울 강남구
https://kr.indeed.com/viewjob?jk=51df90967b46e8f0,[외국계 스타트업 미소] Business Analyst,유한회사 미소,서울
https://kr.indeed.com/viewjob?jk=4ae5eb5bb613a826,[클라우드플랫폼실] System Engineering팀 클라우드 엔지니어,야놀자,서울 강남구
https://kr.indeed.com/viewjob?jk=baa14667578c611b,11번가 데이터 아키텍처/데이터 엔지니어 분야,십일번가,서울 중구
https://kr.indeed.com/viewjob?jk=743320ec5f17444d,2022년 과학기술분야 R&D 대체인력활용지원사업,한국여성과학기술인육성재단,서울 강남구
https://kr.indeed.com/viewjob?jk=3b746e7a685d24e4,DT운영팀 경력직,에스케이쉴더스,서울 강남구
https://kr.indeed.com/viewjob?jk=4378fee2c37a2b21,"Software Engineer, Machine Learning Model Optimization",Google,서울
https://kr.indeed.com/viewjob?jk=e30fe92d72ceb17c,"자율 주행, 로봇 SW 개발자",에바,성남 수정구
https://kr.indeed.com/viewjob?jk=e7c8c2b11f24fb43,Software Engineer,Google,서울
https://kr.indeed.com/viewjob?jk=de07550dd13fe2df,"Python, 인공지능(AI) 외 신입/경력 정규직",엔쓰리엔,서울
https://kr.indeed.com/viewjob?jk=88a2cb181ab5a047,CJ그룹 신입사원,CJ그룹,서울 중구
https://kr.indeed.com/viewjob?jk=f54bac6c78fd3240,코딩에 빠진 수퍼 개발자 (펌웨어 개발),에바,성남 수정구
https://kr.indeed.com/viewjob?jk=e5f11138553a8eb1,2022년 디알텍(주) 신입/경력,디알텍,성남 중원구
https://kr.indeed.com/viewjob?jk=f6b534b3c47bbc01,[취업연계교육] IT분야 - 자바 · 정보시스템 개발자,아이티윌 부산교육센터,부산 부산진구
https://kr.indeed.com/viewjob?jk=a879247b8ea40ef8,2022년 3월 경력사원 (기획/에너지기술/생산기술/구매/SCM),LG에너지솔루션,서울
https://kr.indeed.com/viewjob?jk=c35e9b72a11aa338,[신입/경력] 의료영상/음성인식/생체신호 연구원,뷰노코리아,서울 서초구
https://kr.indeed.com/viewjob?jk=1feff7ae08664e44,머신러닝-딥러닝 공공데이터 분석전문가 교육생,하이미디어아카데미,서울 종로구
https://kr.indeed.com/viewjob?jk=a0eabf1d7fee2929,System Engineer,비바리퍼블리카,서울 강남구
https://kr.indeed.com/viewjob?jk=87309d3ff40ead61,딥러닝 AI 개발 연구원,베이리스,성남 수정구
https://kr.indeed.com/viewjob?jk=444bd32c9e95004a,[대형증권사] IT퀀트 개발자,인코리아 프로페셔널,서울 강남구
https://kr.indeed.com/viewjob?jk=44e9ac7f0f94e784,한국필립모리스 2022년 상반기 수시,한국필립모리스㈜,서울 영등포구
https://kr.indeed.com/viewjob?jk=e1f6164f1d03449a,주식회사 데이터스트림즈 기술연구소 Python/Java 개발자,데이터스트림즈,성남 분당구
https://kr.indeed.com/viewjob?jk=c2d2972896b3c314,IT Leadership Academy : '22년 상반기 신입,LG CNS,서울
https://kr.indeed.com/viewjob?jk=b8df8e044cb7137e,[무료교육/연계] 인턴 인건비 지원 및 정규직 연계 교육생 (탄소중립 분야 에너지효율화),사단법인 한국이엠에스협회,서울 금천구
https://kr.indeed.com/viewjob?jk=37f9a4c57e50cade,Data Engineer(Python Backend 경력자),드림어스컴퍼니,서울 서초구
https://kr.indeed.com/viewjob?jk=f7cfe0cad1c284d0,ML Engineer,비바리퍼블리카,서울 강남구
https://kr.indeed.com/viewjob?jk=c46b8f31577254d3,"Python,R,DataAnalysis,머신러닝,빅데이터 인턴 신입/경력",파인트리파트너스 주식회사 관심기업,서울 도화동
https://kr.indeed.com/viewjob?jk=b40a09bb26c18930,"S/W개발자, H/W개발자, 기구설계 전문가",뉴로직,서울 강서구
https://kr.indeed.com/viewjob?jk=28b0225c355d0382,시스템/모바일 게임 보안 담당자 (무관),네오위즈,대한민국
https://kr.indeed.com/viewjob?jk=4a0a7b36dbc554f9,Quantitative Research Intern,WorldQuant,서울
https://kr.indeed.com/viewjob?jk=a854d45ea646ba48,응용프로그램 개발자,라온엑스솔루션즈,부산 해운대구
https://kr.indeed.com/viewjob?jk=3544467a7b64376f,[전문연구요원] 의료영상 리서치 엔지니어 정규직,메디픽셀,서울 마포구
https://kr.indeed.com/viewjob?jk=872035f47cfd4850,자산운용팀 전략/리스크팀 퀀트(겨울방학 인턴),마이퍼스트에셋자산운용,대한민국
https://kr.indeed.com/viewjob?jk=2e50d0e0b23c8f47,데이터분석가 - Global Leading Consulting Firm,에스에프인촌,서울
https://kr.indeed.com/viewjob?jk=67d71b8582529090,Network Engineer,에스케이텔레콤,서울 중구
https://kr.indeed.com/viewjob?jk=fec4edf6cc7fd9c7,2022년 3월 IT/경영전략·지원/환경안전/CFO/CHO 신입사원 수시,LG에너지솔루션,과천 과천시
https://kr.indeed.com/viewjob?jk=4a5738febf355646,"[한국축산데이터] 백엔드 개발자, 프론트엔드 개발자, 엔지니어, AI연구원 (신입/경력)",한국축산데이터,서울 강남구
https://kr.indeed.com/viewjob?jk=69a5690f8a4ca470,Software Engineer (소프트웨어 개발자),지멘스헬시니어스,성남 분당구
https://kr.indeed.com/viewjob?jk=9e154b5b00d09b31,Software Engineer - Python and K8s,Canonical - Jobs,서울
https://kr.indeed.com/viewjob?jk=933678a4234db119,[선행기술원] 퀀텀컴퓨팅 Simulation,현대자동차,성남 분당구
https://kr.indeed.com/viewjob?jk=7c306ad9089e5948,[대기업] 클라우드 서비스 솔루션 개발,비에이블컨설팅그룹,서울
https://kr.indeed.com/viewjob?jk=f21952a2d7a0bfd8,"[Robotics] Robotics Software Engineer, Navigation",네이버,서울
https://kr.indeed.com/viewjob?jk=68abc941e34e2394,Data Scientist,비바리퍼블리카,서울 강남구
https://kr.indeed.com/viewjob?jk=0a39abf102694c6a,JAVA 개발자 (신입/연봉 2600만),㈜휴먼엔시스,서울
https://kr.indeed.com/viewjob?jk=4f59cedc2219d55c,KAIST연구원 산하 KAIST바이오융합연구소 소속 전문연구요원(연수연구원) 모집 공고,카이스트,대전 유성구
https://kr.indeed.com/viewjob?jk=7fe0c284fbf4045f,CRM 및 마케팅 데이터분석 담당자 - 국내 대기업 계열사,라피플코리아리미티드,서울
https://kr.indeed.com/viewjob?jk=cda94f202f9ca369,슈어소프트테크(주) 2022년 상반기 경력직 대규모,슈어소프트테크,서울 강남구
https://kr.indeed.com/viewjob?jk=a2f76d5c3e19671d,[해외취업] 휴대폰 Refurbish 전문회사 IT소프트웨어 개발자,워크 브릿지(Work Bridge),서울 역삼동
https://kr.indeed.com/viewjob?jk=32998063886b0d27,[컨트롤웍스] 제어엔지니어 신입,컨트롤웍스,서울 강남구
https://kr.indeed.com/viewjob?jk=f6a0cd3f6af36d15,"백엔드, Python 외 경력 정규직",아토머스,서울 강남구
https://kr.indeed.com/viewjob?jk=f9828c4a40c911fe,전자부품 신입/경력사원 수시,LG이노텍,서울 마곡역
https://kr.indeed.com/viewjob?jk=cadddc1d517bc19b,Renewable Energy Analyst,DNV,서울
https://kr.indeed.com/viewjob?jk=3415a2ec10f41d98,[램플코딩학원] 온오프라인 코딩 강사,밸류에잇 벤처스,대전 서구
https://kr.indeed.com/viewjob?jk=f4078127b83d2e57,머신러닝/딥러닝 서비스 기획/개발 담당자,케이뱅크,서울 중구
https://kr.indeed.com/viewjob?jk=ec5c7ccd76639120,[외국계 스타트업 미소] Data Analyst,유한회사 미소,서울
https://kr.indeed.com/viewjob?jk=0399dadecd8188b8,4. 인프라개발팀 백엔드 개발자,카카오브이엑스 (KAKAO VX),성남 분당구
https://kr.indeed.com/viewjob?jk=e96bcad1cdfad82b,"ICT 이노베이션스퀘어 인공지능, 블록체인 교육생",사단법인 한국에이아이블록체인융합원,경상남도
https://kr.indeed.com/viewjob?jk=74174ba760b19656,"AI, Big Data 전문가 - 글로벌 전자대기업",에스에프인촌,서울
https://kr.indeed.com/viewjob?jk=e3f3b7e2103d9bc7,"웹개발, 백엔드 외 신입/경력 정규직",코인챗,서울 강남구
https://kr.indeed.com/viewjob?jk=2923f92cd7fb742f,[선행기술원] AI 모델 경량화 최적 기술 개발,현대자동차,성남 분당구
https://kr.indeed.com/viewjob?jk=ddb4285e5876ab62,국제경제/원자재 시장분석 애널리스트,코리아피디에스,서울 마포구
https://kr.indeed.com/viewjob?jk=22ffe020e40de675,[포티투마루] 인공지능(AI) 개발자 전 부문,포티투마루,서울 서초구
https://kr.indeed.com/viewjob?jk=e13c32ba4eff23da,[NHN 패션고 코리아] 추천 통계 분석 및 모델 연구 개발,NHN] [NHN 패션고 코리아,성남 판교역
https://kr.indeed.com/viewjob?jk=50317be621aba944,[전액무료/취업연계] UX/UI 웹디자인 과정 교육생 (서울시 뉴딜 일자리사업),한국경영혁신중소기업협회,서울 강남구
https://kr.indeed.com/viewjob?jk=8e60094702b4fe05,웹시스템 및 솔루션 분야 프로그래머 및 웹퍼블리셔,위더스이십일,서울 금천구
https://kr.indeed.com/viewjob?jk=3b7dbdf85a326a6d,국내 대기업 - AI 및 딥러닝 관련 경력자,라피플코리아리미티드,서울
https://kr.indeed.com/viewjob?jk=229eb9cfd32480ed,A.I.개발자,파이프트리스마트팜,서울 송파구
https://kr.indeed.com/viewjob?jk=69d3cc2cca262747,Machine Learning Engineer Intern - Korea,MOLOCO,서울
https://kr.indeed.com/viewjob?jk=c04680232735292a,가상자산 트레이딩 / 시스템 개발자,블록투리얼,서울 강남구
https://kr.indeed.com/viewjob?jk=f4e772a56254e105,ML Modeler,비바리퍼블리카,서울 강남구
https://kr.indeed.com/viewjob?jk=cb340349fea7454e,"Digital Innovation PM, Korea",Amazon Web Services Korea LLC,서울
https://kr.indeed.com/viewjob?jk=f8bfec7bfbdffd0a,애플리케이션 개발자&컨설턴트 정규직,디지포머싸스랩,서울 강남구
https://kr.indeed.com/viewjob?jk=0ee8d206258d4cbf,소프트웨어 개발,보다텍,서울 광진구
https://kr.indeed.com/viewjob?jk=35aaf18d4b4cfafe,Student Training in Engineering Program (STEP) 2022,Google,대한민국
https://kr.indeed.com/viewjob?jk=135ebaa09a535c7e,[NHN 패션고 코리아] 추천 시스템 개발,NHN] [NHN 패션고 코리아,성남 판교역
https://kr.indeed.com/viewjob?jk=d5135980c5cda18d,시스템 운영(SE),위메이드엔터테인먼트,성남 분당구
https://kr.indeed.com/viewjob?jk=5882d75839522aa0,Django 서버 개발자 - 대전연구소,알고리즘랩스,대전 유성구
https://kr.indeed.com/viewjob?jk=53a49381ba08493f,선행기술원 각 부문별,현대자동차,성남 분당구
https://kr.indeed.com/viewjob?jk=c4145dce440c02f8,[전문연구요원 신규편입/전직] SW Engineer/Backend/Frontend 개발자,뷰노코리아,서울 서초구
https://kr.indeed.com/viewjob?jk=3c1c5dc51d08cf18,Web / Spring Framework 개발자,에릭슨엘지,서울 금천구
https://kr.indeed.com/viewjob?jk=2e46f8b2ba482821,"Customer Engineer, Data Analytics, Google Cloud",Google,서울
https://kr.indeed.com/viewjob?jk=53de1cfd4e334982,"Technical Solutions Engineer, Wear OS",Google,서울
https://kr.indeed.com/viewjob?jk=dbf698b87bf2be8b,[선행기술원] AI S/W 임베딩 개발,현대자동차,성남 분당구
https://kr.indeed.com/viewjob?jk=5162107e03dcb346,[정규직] 5G 관련 프로그래머,플랙토리,서울 중구
https://kr.indeed.com/viewjob?jk=053378a070533ffc,DBA,두나무,서울 강남구
https://kr.indeed.com/viewjob?jk=a389c335cf355339,"[대기업] 클라우드/IoT 플랫폼, 솔루션 개발",비에이블컨설팅그룹,서울
https://kr.indeed.com/viewjob?jk=08f1a200826ddeda,[실내배송로봇 연구개발] - Computer Vision & Machine learning Engineer,로보티즈,서울 강서구
https://kr.indeed.com/viewjob?jk=df228c302c3c8f9b,서버개발자(벡앤드) 정규직,오비이랩,서울 강남구
https://kr.indeed.com/viewjob?jk=f6a00297e0429eca,2022년 3월 경력사원 (품질),LG에너지솔루션,청주 오창읍
https://kr.indeed.com/viewjob?jk=79f818e5bb2b847b,Cloud Solution Architect,Microsoft,서울
https://kr.indeed.com/viewjob?jk=4a3d80c0677225a6,[실내배송로봇 연구개발] - Robotics Software Engineer,로보티즈,서울 강서구
https://kr.indeed.com/viewjob?jk=9cf0cfc08a28f815,[쿠키런 : 마녀의성] 데이터 분석가,데브시스터즈,서울 강남구
https://kr.indeed.com/viewjob?jk=531dd22fe47e7b4e,[펜타시큐리티] 보안S/W 개발자 (웹/인증/DB/클라우드/신기술),펜타시큐리티시스템,서울 영등포구
https://kr.indeed.com/viewjob?jk=0d62d6963191cd4f,ML Model Analyst,비바리퍼블리카,서울 강남구
https://kr.indeed.com/viewjob?jk=f6d9da249b48c296,데이터 분석 (Data Analysis),국내 대기업 그룹 유통 계열사,서울 용산구
https://kr.indeed.com/viewjob?jk=6d86e9f32d31c84f,Data 분야 경력,LG CNS,서울
https://kr.indeed.com/viewjob?jk=c57b1f43de9d5c6b,[CA] 웹 스크래핑 엔지니어,한국카카오은행,성남 분당구
https://kr.indeed.com/viewjob?jk=7554e5017bef968e,"[대형증권사] LP/MM 시스템 개발 및 운영,유지보수",인코리아 프로페셔널,서울 강남구
https://kr.indeed.com/viewjob?jk=bbb82ba3ef01f2e6,Solutions Engineering Intern,Media.Monks,서울
https://kr.indeed.com/viewjob?jk=49f11dfd7627efa4,Data Analyst,뱅크샐러드,서울 영등포구
https://kr.indeed.com/viewjob?jk=6f46c0e603f69576,[대형증권사] 금융특화 한글 음성합성(TTI),인코리아 프로페셔널,서울 강남구
https://kr.indeed.com/viewjob?jk=a568b6e2930c75f0,"[무료교육/취,창업지원] 2022년 인공지능 사관학교 3기 교육생",인공지능산업융합사업단,광주 북구
https://kr.indeed.com/viewjob?jk=d4e40db6e9776da3,[대형증권사] 자산배분전략 수립/모델개발,인코리아 프로페셔널,서울 강남구
https://kr.indeed.com/viewjob?jk=f9729d9496de6f1c,Python Developer (Internal Product),비바리퍼블리카,서울 강남구
https://kr.indeed.com/viewjob?jk=891485cc2a8e6779,인공지능 솔루션 (AI Solution) 개발,카이어,서울 서초구
https://kr.indeed.com/viewjob?jk=ac23269cdb96bcc3,빅데이터 분석기반/IoT기반 AI영상처리 개발자양성과정 교육생,고려대학교 세종캠퍼스,세종특별자치시 세종
https://kr.indeed.com/viewjob?jk=a692f83229bd339f,Datacenter Engineer,Oracle,서울
https://kr.indeed.com/viewjob?jk=2f56d4b70c1df086,하반기 인턴직 모집,한솔그룹,서울 을지로2가
https://kr.indeed.com/viewjob?jk=22cd969d8399e6a3,1분기 게임 클라이언트 개발자 (신입/경력),이스트게임즈,서울 서초구
https://kr.indeed.com/viewjob?jk=dc3f14c2a401e713,커넥티드카 서비스 백엔드 소프트웨어 개발,현대자동차,서울 서초구
https://kr.indeed.com/viewjob?jk=4c25d6649f8434a8,[외국계 스타트업 미소] Business Analyst Intern (정규직 전환형),유한회사 미소,서울
https://kr.indeed.com/viewjob?jk=aac8e9355cb855ac,[인재풀] 아티스트 ART,Electronic Arts,서울
https://kr.indeed.com/viewjob?jk=bb52e43ab94fcbb5,"협동로봇, 공정엔지니어, PLC 외 신입 정규직",씨엔로봇,대전 유성구
https://kr.indeed.com/viewjob?jk=3990d417d2f5a517,[웹젠] DBA(신입),웹젠,성남 분당구
https://kr.indeed.com/viewjob?jk=5c3ca72d2ed3f424,빅데이터 플랫폼 및 데이터 파이프라인 구축 인력,지에스아이티엠,서울 종로구
https://kr.indeed.com/viewjob?jk=bdd12e97801d78ca,클라우드 (플랫폼 운영),KB데이타시스템,서울 마포구
https://kr.indeed.com/viewjob?jk=0907be3f74a45614,"Software Engineer, gReach Program for People with Disabiliti...",Google,서울
https://kr.indeed.com/viewjob?jk=28e8827913a5a90b,[서울게임아카데미] 게임개발분야 국기 교육생,서울게임,서울 종로구
https://kr.indeed.com/viewjob?jk=b515669e8032265b,[kt ds] 2022년 각 부문별 경력사원 수시,케이티디에스,서울 서초구
https://kr.indeed.com/viewjob?jk=043516001b6ef966,교육 웹 서비스 기획/ 콘텐츠 서비스 기획,매직에코,서울 성동구
https://kr.indeed.com/viewjob?jk=a18b0187fcd4ad45,[고객서비스] 데이터 분석 및 예측모형 개발 담당자,한국카카오은행,서울 영등포구
https://kr.indeed.com/viewjob?jk=26fc3f142982bbed,스마트폰 어플리케이션(App) 경력 정규직,엠마헬스케어,성남 분당구
https://kr.indeed.com/viewjob?jk=54caf3a3d845ffa3,[DI팀] 기계학습 Engineer (개인화 및 추천),야놀자,서울 강남구
https://kr.indeed.com/viewjob?jk=86ac343b66b185b8,[신규연구과제/취업지원/무료교육] 2022년 바이오 의약 R&D 분석연구 전문교육 훈련생,한국여성과학기술인육성재단,서울 강남구
https://kr.indeed.com/viewjob?jk=b0e162f2a055cf89,Game Data Analyst (FPS),오피지지,서울 강남구
https://kr.indeed.com/viewjob?jk=d3b773e9e01cfbc8,DevSecOps 엔지니어,위메이드엔터테인먼트,성남 분당구
https://kr.indeed.com/viewjob?jk=460b8ec177bf9fc4,Data Scientist,컬리,서울 강남구
https://kr.indeed.com/viewjob?jk=dc793caf2ce3e2bb,1분기 게임 서버 개발자 (신입/경력),이스트게임즈,서울 서초구
https://kr.indeed.com/viewjob?jk=b03b8655f632f8f0,[네오컨버전스] 딥러닝 개발자 신입/경력 정규직,네오컨버전스,서울 성동구
https://kr.indeed.com/viewjob?jk=35f0a25dee5f3312,딥러닝 알고리즘 및 응용 Engineer,딥엑스,성남 분당구
https://kr.indeed.com/viewjob?jk=c0574107a4de85c1,로데슈바르즈코리아 연구소 개발자,로데 슈바르즈 코리아,서울 강남구
https://kr.indeed.com/viewjob?jk=68d62221f2d26c0e,(주)웨이브웨어 2021 년도 신입사원 (프로그래머),웨이브웨어,대전 유성구
https://kr.indeed.com/viewjob?jk=5335ea43f5d9d6c0,하드웨어 신입/경력 정규직,대영에스텍,대전 유성구
https://kr.indeed.com/viewjob?jk=aa92ec1f945b97b5,데이터 엔지니어/클라우드 엔지니어/데이터 플랫폼 개발분야 경력사원,LG전자,서울특별시
https://kr.indeed.com/viewjob?jk=abd402d5bde5914f,[TmaxOS/R&D] OS부문 개발자,티맥스소프트,성남 분당구
https://kr.indeed.com/viewjob?jk=8c8c96a3ffac77f8,데이터 엔지니어 경력 정규직,아이디케이스퀘어드,서울 중구
https://kr.indeed.com/viewjob?jk=4cc15c26097421c5,"개발자 - Python 프로그래밍과 Java, C 소스코드 분석",바인테크,서울 송파구
https://kr.indeed.com/viewjob?jk=4d6fa0f1b9726d7c,디지털 미디어 매니저(퍼포먼스&브랜딩) 신입/경력,스스스스,서울 서초구
https://kr.indeed.com/viewjob?jk=7099263cb4396b07,"누리기술 C++, Python 소프트웨어 개발자",누리기술,대구 달서구
https://kr.indeed.com/viewjob?jk=ae2345924b218c15,웹프로그래머 (FrontEnd) 기업부설연구소 연구원 #python #js #FullStack #모바일,넥스텝코리아,서울 용산구
https://kr.indeed.com/viewjob?jk=f33c19e6d88a3d40,"임베디드(Embedded), Linux 외 신입/경력 정규직, 계약직, 인턴",테크플렉스,대전 유성구
https://kr.indeed.com/viewjob?jk=a0e0d8e73f1bdc30,Data Engineer,뤼이드,서울 강남구
https://kr.indeed.com/viewjob?jk=9cc9f8d6f06c4b8b,응용소프트웨어 설계 및 개발(Python)_포항,유징테크,포항 남구
https://kr.indeed.com/viewjob?jk=55e80be1038a40e4,[선행기술원] AI 제어모델 개발 이상신호 진단기술,현대자동차,성남 분당구
https://kr.indeed.com/viewjob?jk=d33c53ed30b00cf7,데이터 분석가 경력,LG전자,서울 영등포구
https://kr.indeed.com/viewjob?jk=a8ed2e9b780a30fb,[대형증권사] IT개발(Front-end),인코리아 프로페셔널,서울 강남구
https://kr.indeed.com/viewjob?jk=30e17a7d8ce9d4d4,Software Engineer,UJET,서울
https://kr.indeed.com/viewjob?jk=cb973769974700e0,"Software Engineer, Android Connectivity",Google,서울
https://kr.indeed.com/viewjob?jk=a364f937ff9aa591,Advanced Support Engineer / Database & Cloud,Oracle,서울
https://kr.indeed.com/viewjob?jk=0a97253017108427,AI 컨택센터 Sales 전문가,에스케이텔레콤,서울 중구
https://kr.indeed.com/viewjob?jk=dd447cb4c1e8155f,데이터 엔지니어 - Global Leading Consulting Firm,에스에프인촌,서울
https://kr.indeed.com/viewjob?jk=8e95bd53805e022d,FDS Modeler,비바리퍼블리카,서울 강남구
https://kr.indeed.com/viewjob?jk=808bedd4be53fe5d,기계학습 기반 언어이해기술 개발자,에스케이텔레콤,서울 종로구
https://kr.indeed.com/viewjob?jk=efb982c660c783ba,백엔드 경력 정규직,라이트비전,서울 성동구
https://kr.indeed.com/viewjob?jk=4084758521d95043,ID사업부 Software R&D 경력,LG전자,경기도 평택
https://kr.indeed.com/viewjob?jk=4a1aa006f00eca8d,"[리얼클래스]백엔드 개발자 (Backend Developer, Python)",퀄슨,서울 강남구
https://kr.indeed.com/viewjob?jk=5bf3774369aec062,Data Engineer (전문연구요원 가능),메쉬코리아,서울 강남구
https://kr.indeed.com/viewjob?jk=44f52ea73a6d25da,기술 문서 작성 전문가,딥엑스,성남 분당구
https://kr.indeed.com/viewjob?jk=d9746dd92adbf277,Software Engineer in Test,Sendbird,서울
https://kr.indeed.com/viewjob?jk=9bd2048e4b1466d3,"웹개발, C·C++ 외 신입/경력 정규직",엔쓰리엔,서울 강남구
https://kr.indeed.com/viewjob?jk=8c32b5db8ab28c7d,"[광고 추천] 데이터 과학자, 기계학습(머신러닝) 전문가 모집",카카오,성남 판교역
https://kr.indeed.com/viewjob?jk=bdbcb246a8e4e6b8,2022년도 충청권 AI(인공지능) 교육생,청주대학교산학협력단,청주 상당구
https://kr.indeed.com/viewjob?jk=25fe99c1f3acc634,[S/W] 차량 보안,현대자동차,서울 서초구
https://kr.indeed.com/viewjob?jk=28e3d0e3c55ccb97,22년 상반기 신입개발자,LG유플러스,서울
https://kr.indeed.com/viewjob?jk=a5e926e1d22cdc11,각 분야별 인재 Pool 등록,지투알,서울
https://kr.indeed.com/viewjob?jk=9ff286e5c18f8065,[Forest CIC] NAVER Shopping Data Solution 직무별 담당자 (경력),네이버,서울
https://kr.indeed.com/viewjob?jk=d158e683dc0b7500,파이썬 개발자 초중급 이상,데이터앤솔루션,서울 서초구
https://kr.indeed.com/viewjob?jk=f1971f45d0caf8ca,개발자 경력/신입 사원 공개 채용,한국일보사,서울 남대문로5가
https://kr.indeed.com/viewjob?jk=ef98c82fd130b9e1,[AI] 연구 개발,NHN] [AI,성남 판교역
https://kr.indeed.com/viewjob?jk=bdd63bfed210dc2a,11번가 검색서비스 개발 분야,십일번가,서울 중구
https://kr.indeed.com/viewjob?jk=6328149f549ead92,"[신입,경력] 영상 인식 알고리즘 개발자",몹티콘,서울 구로구
https://kr.indeed.com/viewjob?jk=6051419fa103cd49,[HDC 랩스] [ HDC 랩스 ] 개발자 경력사원,현대산업개발,서울특별시
https://kr.indeed.com/viewjob?jk=9f0ce22eee4259bb,"교육 기획/운영, 시스템 기획",매직에코,서울 성동구
https://kr.indeed.com/viewjob?jk=f94102acc758f433,Explainable AI 연구 개발 신입 채용,CJ올리브네트웍스,성남 서현동
https://kr.indeed.com/viewjob?jk=2a494e5becfb158a,[Creative] IT/System Engineer (5년 이상),크래프톤,서울 강남구
https://kr.indeed.com/viewjob?jk=169bde14c66c1478,[IT/데이터 전문기업] 소프트웨어 개발자,커리어라임즈,서울 강남구
https://kr.indeed.com/viewjob?jk=e36b281df2933890,[위메프서비스] E-Commerce 데이터엔지니어/NLP개발자,위메프,대한민국
https://kr.indeed.com/viewjob?jk=0e25160b5a1d095f,[유통 대기업] Business Analyst(비지니스분석가) 과차장급,에이치알니즈,서울
https://kr.indeed.com/viewjob?jk=52991f44dd7ee1b7,"Cloud Support Engineer, Big Data",Amazon Web Services Korea LLC,서울
https://kr.indeed.com/viewjob?jk=9d0aa83c1e8f086e,카카오 전사QA 모집,카카오,성남 판교역
https://kr.indeed.com/viewjob?jk=4714514ba5716c6d,[ HDC 랩스 ] 개발자 경력사원,에이치디씨랩스,서울 용산구
https://kr.indeed.com/viewjob?jk=69ab906877d48391,1분기 웹 개발자 (신입/경력),이스트게임즈,서울 서초구
https://kr.indeed.com/viewjob?jk=0c512fb4dda00dea,"[신입,경력] 스마트 교통시스템 임베디드 소프트웨어 개발자",몹티콘,서울 구로구
https://kr.indeed.com/viewjob?jk=89d62c274e24c27b,2022년 3월 경력사원 (제조지능화),LG에너지솔루션,과천 과천시
https://kr.indeed.com/viewjob?jk=92b63432089dd590,Smart Factory 분야별 경력사원,LG디스플레이,경기도 파주
https://kr.indeed.com/viewjob?jk=35da2ff07bb8f12a,Market Area Manager Renewables Korea,DNV,서울
https://kr.indeed.com/viewjob?jk=f5db967bfdd0390f,빅데이터 리더 정규직,hTLM HR,안양 동안구
https://kr.indeed.com/viewjob?jk=8f44af3fd69c524b,디지털헬스케어 리딩기업 - AI연구개발 및 데이터 분석,라이프시맨틱스,서울 강남구
https://kr.indeed.com/viewjob?jk=d0aa584970f90a50,Digital Healthcare(신약개발 R&D 웹 플랫폼 개발) 경력 구성원 영입,SK바이오팜,성남 분당구
https://kr.indeed.com/viewjob?jk=48c982e865d9303a,개발직군 산업기능요원 보충역 신규 특별,베이글코드,서울 강남구
https://kr.indeed.com/viewjob?jk=19da3484bd7a72f1,Machine Learning R&D 연구원,카이어,서울 서초구
https://kr.indeed.com/viewjob?jk=926379138e1a2e48,[선행기술원] Backend SW 개발,현대자동차,성남 분당구
https://kr.indeed.com/viewjob?jk=5dd25746d945e947,빅데이터분석 담당자 in 자원순환 모바일 앱 스타트업,그레이프 파트너즈,서울 성동구
https://kr.indeed.com/viewjob?jk=733b814969bff5a7,Jr. Back-end Engineer (Python),Soomgo,서울 강남구
https://kr.indeed.com/viewjob?jk=246df17cfbfbf3b9,Cloud Engineer,IBM,서울
https://kr.indeed.com/viewjob?jk=bb1e9a32dd06df42,주식회사 데이터스트림즈 기술연구소 Java 개발자,데이터스트림즈,성남 분당구
https://kr.indeed.com/viewjob?jk=6141229c69b83068,Web Front-end 개발자,코그넷나인,서울 서초구
https://kr.indeed.com/viewjob?jk=af53c21ee3f8f27e,[KSTEC] Java 프로그래머 경력사원,지식시스템,성남 분당구
https://kr.indeed.com/viewjob?jk=fc037709d0770796,System SW 엔지니어,딥엑스,성남 분당구
https://kr.indeed.com/viewjob?jk=b89f542a12786755,Cloud 기술 전문가,에스케이텔레콤,서울 중구
https://kr.indeed.com/viewjob?jk=aa20b37148768ec5,Quantitative Researcher,WorldQuant,서울
https://kr.indeed.com/viewjob?jk=7460bee9995ddfee,클라우드 보안 서비스 담당자 [경력],씨디네트웍스,서울 강남구
https://kr.indeed.com/viewjob?jk=53fbfe54f327d9dc,AI Software Engineer,GE Appliances,경기도 성남
https://kr.indeed.com/viewjob?jk=1b43aff116704c72,컴파일러 엔지니어(딥엑스),딥엑스,성남 분당구
https://kr.indeed.com/viewjob?jk=899324b336ff680e,Data Engineer,뱅크샐러드,서울 영등포구
